{
  "metro-runtime": "0.80.5",
  "@react-native/js-polyfills": "0.73.1",
  "react-native-macos": "0.73.20",
  "@babel/runtime": "7.23.9",
  "invariant": "2.2.4",
  "stacktrace-parser": "0.1.10",
  "promise": "8.3.0",
  "regenerator-runtime": "0.13.11",
  "event-target-shim": "5.0.1",
  "base64-js": "1.5.1",
  "whatwg-fetch": "3.6.20",
  "abort-controller": "3.0.0",
  "react": "18.2.0",
  "nullthrows": "1.1.1",
  "scheduler": "0.24.0-canary-efb381bbf-20230505",
  "deprecated-react-native-prop-types": "5.0.0",
  "prop-types": "15.8.1",
  "memoize-one": "5.2.1",
  "@react-native-mac/virtualized-lists": "0.73.3",
  "react-native-get-random-values": "1.10.0",
  "fast-base64-decode": "1.0.0",
  "@sentry/react-native": "5.19.2",
  "@sentry-internal/tracing": "7.100.1",
  "hoist-non-react-statics": "3.3.2",
  "tslib": "2.6.2",
  "localforage": "1.10.0",
  "intl": "1.2.5",
  "@react-native-async-storage/async-storage": "1.21.0",
  "fuse.js": "6.6.2",
  "@expo/plist": "0.0.20",
  "assert": "2.1.0",
  "util": "0.12.5",
  "is-arguments": "1.1.1",
  "has-tostringtag": "1.0.2",
  "has-symbols": "1.0.3",
  "call-bind": "1.0.6",
  "get-intrinsic": "1.2.4",
  "es-errors": "1.3.0",
  "has-proto": "1.0.1",
  "function-bind": "1.1.2",
  "hasown": "2.0.0",
  "set-function-length": "1.2.1",
  "has-property-descriptors": "1.0.1",
  "gopd": "1.0.1",
  "define-data-property": "1.1.2",
  "is-generator-function": "1.0.10",
  "is-typed-array": "1.1.13",
  "which-typed-array": "1.1.14",
  "available-typed-arrays": "1.0.6",
  "for-each": "0.3.3",
  "is-callable": "1.2.7",
  "inherits": "2.0.4",
  "object.assign": "4.1.5",
  "object-keys": "1.1.1",
  "object-is": "1.1.5",
  "define-properties": "1.2.1",
  "is-nan": "1.3.2",
  "@xmldom/xmldom": "0.7.13",
  "xmlbuilder": "14.0.0",
  "expr-eval": "2.0.2",
  "mobx": "6.12.0",
  "chance": "1.1.11",
  "nativewind": "2.0.11",
  "css-mediaquery": "0.1.2",
  "use-sync-external-store": "1.2.0",
  "react-is": "18.2.0",
  "nanoid": "4.0.2",
  "uuid": "9.0.1",
  "luxon": "2.5.2",
  "clsx": "1.2.1",
  "mobx-react-lite": "3.4.0",
  "tailwindcss": "3.2.4",
  "picocolors": "1.0.0",
  "pretty-bytes": "6.1.1"
}